id,title,body,department,sentiment
1,Colazione fantastica,"Buffet serale molto vario, qualità del cibo sopra la media.",F&B,pos
2,Camera pulitissima,"Pulizia della stanza davvero ottima, non ho trovato un granello di polvere. Camera pulita ma colazione deludente, non so se tornerei.",Housekeeping,pos
3,Camera pulitissima,"Servizio di pulizia rapido e accurato, letto rifatto alla perfezione.",Housekeeping,pos
4,Ristorante deludente,"Buffet quasi vuoto e piatti non riforniti, molto deludente.",F&B,neg
5,Pulizia eccellente,"Bagno brillante e senza tracce di sporco, complimenti alle cameriere ai piani.",Housekeeping,pos
6,Camera sporca,Ho trovato polvere sui mobili e capelli nel bagno.,Housekeeping,neg
7,Problemi con il pagamento,Ho dovuto aspettare più di mezz'ora per il check-in.,Reception,neg
8,Cibo delizioso,Colazione abbondante con molta scelta di dolce e salato.,F&B,pos
9,Ristorante deludente,"Poca scelta a colazione, molti prodotti confezionati. Check-in veloce ma la stanza aveva qualche problema.",F&B,neg
10,Staff gentilissimo,Personale della reception molto disponibile e sorridente.,Reception,pos
11,Reception poco disponibile,Hanno sbagliato a registrare il pagamento e ho dovuto discutere per sistemare.,Reception,neg
12,Colazione scarsa,Il ristorante era caro e la qualità dei piatti non all'altezza.,F&B,neg
13,Pulizia eccellente,"Pulizia della stanza davvero ottima, non ho trovato un granello di polvere.",Housekeeping,pos
14,Ottimo buffet,Colazione abbondante con molta scelta di dolce e salato.,F&B,pos
15,Deluso dalla pulizia,"Macchie sulle lenzuola e asciugamani non cambiati. Personale gentile alla reception, però il ristorante non mi ha convinto.",Housekeeping,neg
16,Deluso dalla pulizia,"Pulizia molto approssimativa, pavimento appiccicoso e cestino non svuotato. Check-in veloce ma la stanza aveva qualche problema.",Housekeeping,neg
17,Deluso dalla pulizia,"Pulizia molto approssimativa, pavimento appiccicoso e cestino non svuotato.",Housekeeping,neg
18,Camera sporca,Ho trovato polvere sui mobili e capelli nel bagno.,Housekeeping,neg
19,Pulizia eccellente,"La camera era sempre pulita e profumata, asciugamani cambiati ogni giorno.",Housekeeping,pos
20,Cibo freddo,"Poca scelta a colazione, molti prodotti confezionati.",F&B,neg
21,Stanza trascurata,Ho trovato polvere sui mobili e capelli nel bagno.,Housekeeping,neg
22,Camera sporca,Macchie sulle lenzuola e asciugamani non i cambiati.,Housekeeping,neg
23,Stanza impeccabile,"Servizio di pulizia rapido e accurato, letto rifatto alla perfezione.",Housekeeping,pos
24,Stanza impeccabile,"Pulizia della stanza davvero ottima, non ho trovato un granello di polvere. Personale gentile alla reception, però il ristorante non mi ha convinto.",Housekeeping,pos
25,Accoglienza perfetta,"Check-in rapido e senza problemi, ci hanno dato anche ottimi consigli sulla città.",Reception,pos
26,Pulizia eccellente,"La camera era quasi sempre pulita e profumata, asciugamani cambiati ogni giorno.",Housekeeping,pos
27,Ristorante eccellente,"Camerieri gentili e servizio veloce, cibo di ottima qualità.",F&B,pos
28,Deluso dalla pulizia,"i camera non è stata rifatta un giorno su due, davvero inaccettabile.",Housekeeping,neg
29,Ottimo buffet,"Camerieri gentili e servizio veloce, cibo di ottima qualità.",F&B,pos
30,Esperienza pessima al buffet,"Buffet quasi vuoto e piatti non riforniti, molto deludente. Check-in veloce ma la stanza aveva qualche problema.",F&B,neg
31,Camera sporca,"La camera non è stata rifatta un giorno su due, davvero inaccettabile.",Housekeeping,neg
32,Camera pulitissima,"Servizio di pulizia rapido e accurato, letto rifatto alla perfezione. Camera pulita ma colazione deludente, non so se tornerei.",Housekeeping,pos
33,Staff gentilissimo,"Ottima gestione del check-out, conto chiaro e nessun intoppo.",Reception,pos
34,Pulizia eccellente,"Servizio di pulizia rapido e accurato, letto rifatto alla perfezione.",Housekeeping,pos
35,Accoglienza perfetta,Personale della reception molto disponibile e sorridente.,Reception,pos
36,Esperienza negativa al desk,"Informazioni confuse su tasse di soggiorno e orari, poca professionalità.",Reception,neg
37,Camera pulitissima,"Pulizia della stanza davvero ottima, non ho trovato un granello di polvere.",Housekeeping,pos
38,Ottimo servizio di pulizia,"Servizio di pulizia rapido e accurato, letto rifatto alla perfezione.",Housekeeping,pos
39,Pulizia insufficiente,Macchie sulle lenzuola e asciugamani non cambiati.,Housekeeping,neg
40,Camera sporca,Ho trovato il polvere sui mobili e capelli nel bagno.,Housekeeping,neg
41,Colazione fantastica,"Ristorante dell'hotel davvero buono, piatti curati e servizio puntuale.",F&B,pos
42,Reception poco disponibile,"Informazioni confuse su tasse di soggiorno e orari, poca professionalità.",Reception,neg
43,Camera sporca,"Pulizia molto approssimativa, pavimento appiccicoso e cestino non svuotato.",Housekeeping,neg
44,Esperienza negativa al desk,"Informazioni confuse su tasse di soggiorno e orari, poca professionalità.",Reception,neg
45,Accoglienza perfetta,Personale della reception molto disponibile e sorridente.,Reception,pos
46,Pulizia eccellente,"Servizio di pulizia rapido e accurato, letto rifatto alla perfezione. Camera pulita ma colazione deludente, non so se tornerei.",Housekeeping,pos
47,Camera pulitissima,"Servizio di pulizia rapido e accurato, letto rifatto alla perfezione.",Housekeeping,pos
48,Colazione fantastica,Colazione abbondante con molta scelta di dolce e salato.,F&B,pos
49,Cibo freddo,Il ristorante era caro e la qualità dei piatti non all'altezza.,F&B,neg
50,Check-in veloce,"Reception aperta 24 ore su 24, sempre pronti ad aiutare. Personale gentile alla reception, però il ristorante non mi ha convinto.",Reception,pos
51,Check-in lunghissimo,Ho dovuto aspettare più di mezz'ora per il check-in.,Reception,neg
52,Colazione fantastica,"Ristorante dell'hotel davvero buono, piatti curati e servizio puntuale.",F&B,pos
53,Camera sporca,"La camera non è stata rifatta un giorno su due, davvero inaccettabile.",Housekeeping,neg
54,Stanza trascurata,Ho trovato polvere sui mobili e capelli nel bagno.,Housekeeping,neg
55,Colazione scarsa,Il ristorante era caro e la qualità dei piatti non all'altezza.,F&B,neg
56,Stanza impeccabile,"Bagno brillante e senza tracce di sporco, complimenti alle cameriere ai piani.",Housekeeping,pos
57,Ristorante deludente,Cibo servito tiepido e poco saporito.,F&B,neg
58,Accoglienza perfetta,"Reception è aperta 24 ore su 24, sempre pronti ad aiutare.",Reception,pos
59,Stanza impeccabile,"Servizio di pulizia rapido e accurato, letto rifatto alla perfezione.",Housekeeping,pos
60,Reception cordiale,"Reception aperta 24 ore su 24, sempre pronti ad aiutare.",Reception,pos
61,Ottimo servizio di pulizia,"La camera era sempre pulita e profumata, asciugamani cambiati ogni giorno.",Housekeeping,pos
62,Cibo delizioso,"Ristorante dell'hotel davvero buono, piatti curati e servizio puntuale. Personale gentile alla reception, però il ristorante non mi ha convinto.",F&B,pos
63,Pulizia insufficiente,"La camera non è stata rifatta un giorno su due, davvero inaccettabile.",Housekeeping,neg
64,Reception poco disponibile,"Personale poco cordiale, nessun sorriso e poca attenzione alle richieste.",Reception,neg
65,Camera sporca,"La camera non è stata rifatta un giorno su due, davvero inaccettabile.",Housekeeping,neg
66,Reception poco disponibile,Hanno sbagliato a registrare il pagamento e ho dovuto discutere per sistemare.,Reception,neg
67,Cibo delizioso,Colazione abbondante con molta scelta di dolce e salato.,F&B,pos
68,Pulizia eccellente,"Bagno brillante e senza tracce di sporco, complimenti alle cameriere ai piani.",Housekeeping,pos
69,Camera pulitissima,"Servizio di pulizia rapido e accurato, letto rifatto alla perfezione.",Housekeeping,pos
70,Check-in veloce,"Ottima gestione del check-out, conto chiaro e nessun intoppo.",Reception,pos
71,Check-in lunghissimo,Ho dovuto aspettare più di mezz'ora per il check-in.,Reception,neg
72,Check-in veloce,Personale della reception molto disponibile e sorridente. Colazione buona ma il bagno non era perfetto.,Reception,pos
73,Esperienza negativa al desk,Ho dovuto aspettare più di mezz'ora per il check-in.,Reception,neg
74,Ottimo buffet,Colazione abbondante con molta scelta di dolce e salato.,F&B,pos
75,Stanza impeccabile,"Pulizia della stanza davvero ottima, non ho trovato un granello di polvere. Personale gentile alla reception, però il ristorante non mi ha convinto.",Housekeeping,pos
76,Colazione scarsa,Cibo servito tiepido e poco saporito.,F&B,neg
77,Cibo freddo,"Buffet quasi vuoto e piatti non riforniti, molto deludente.",F&B,neg
78,Ristorante eccellente,"Camerieri gentili e servizio veloce, cibo di ottima qualità.",F&B,pos
79,Check-in veloce,"Reception aperta 24 ore su 24, sempre pronti ad aiutare.",Reception,pos
80,Stanza trascurata,"La camera non è stata rifatta un giorno su due, davvero inaccettabile.",Housekeeping,neg
81,Esperienza pessima al buffet,"Buffet quasi vuoto e piatti non riforniti, molto deludente.",F&B,neg
82,Pulizia insufficiente,Ho trovato polvere sui mobili e capelli nel bagno.,Housekeeping,neg
83,Colazione scarsa,Il ristorante era caro e la qualità dei piatti non all'altezza.,F&B,neg
84,Ottimo servizio di pulizia,"La camera era sempre pulita e profumata, asciugamani cambiati ogni giorno. Colazione buona ma il bagno non era perfetto.",Housekeeping,pos
85,Cibo delizioso,"Camerieri gentili e servizio veloce, cibo di ottima qualità.",F&B,pos
86,Cibo delizioso,"Camerieri gentili e servizio veloce, cibo di ottima qualità.",F&B,pos
87,Camera pulitissima,"Pulizia della stanza davvero ottima, non ho trovato un granello di polvere.",Housekeeping,pos
88,Colazione scarsa,Il ristorante era caro e la qualità dei piatti non all'altezza.,F&B,neg
89,Pulizia insufficiente,"Pulizia molto approssimativa, pavimento appiccicoso e cestino non svuotato.",Housekeeping,neg
90,Esperienza pessima al buffet,"Buffet quasi vuoto e piatti non riforniti, molto deludente.",F&B,neg
91,Ristorante deludente,"Buffet quasi vuoto e piatti non riforniti, molto deludente.",F&B,neg
92,Deluso dalla pulizia,"La camera non è stata rifatta un giorno su due, davvero inaccettabile.",Housekeeping,neg
93,Pulizia insufficiente,Macchie sulle lenzuola e asciugamani non cambiati.,Housekeeping,neg
94,Ristorante eccellente,"Ristorante dell'hotel davvero buono, piatti curati e servizio puntuale.",F&B,pos
95,Ristorante eccellente,Colazione abbondante con molta scelta di dolce e salato.,F&B,pos
96,Esperienza negativa al desk,Ho dovuto aspettare più di mezz'ora per il check-in.,Reception,neg
97,Check-in lunghissimo,"Informazioni confuse su tasse di soggiorno e orari, poca professionalità.",Reception,neg
98,Esperienza negativa al desk,"Informazioni confuse su tasse di soggiorno e orari, poca professionalità.",Reception,neg
99,Cibo delizioso,"Ristorante dell'hotel davvero buono, piatti curati e servizio puntuale.",F&B,pos
100,Reception cordiale,"Ottima gestione del check-out, conto chiaro e nessun intoppo.",Reception,pos
101,Reception cordiale,"Check-in rapido e senza problemi, ci hanno dato anche ottimi consigli sulla città.",Reception,pos
102,Cibo delizioso,Colazione abbondante con molta scelta di dolce e salato. Colazione buona ma il bagno non era perfetto.,F&B,pos
103,Pulizia insufficiente,Ho trovato polvere sui mobili e capelli nel bagno.,Housekeeping,neg
104,Reception cordiale,"Ottima gestione del check-out, conto chiaro e nessun intoppo.",Reception,pos
105,Esperienza negativa al desk,Hanno sbagliato a registrare il pagamento e ho dovuto discutere per sistemare.,Reception,neg
106,Accoglienza perfetta,"Ottima gestione del check-out, conto chiaro e nessun intoppo.",Reception,pos
107,Camera pulitissima,"Servizio di pulizia rapido e accurato, letto rifatto alla perfezione.",Housekeeping,pos
108,Ottimo servizio di pulizia,"Servizio di pulizia rapido e accurato, letto rifatto alla perfezione.",Housekeeping,pos
109,Pulizia eccellente,"Bagno brillante e senza tracce di sporco, complimenti alle cameriere ai piani.",Housekeeping,pos
110,Ottimo servizio di pulizia,"Bagno brillante e senza tracce di sporco, complimenti alle cameriere ai piani. Camera pulita ma colazione deludente, non so se tornerei.",Housekeeping,pos
111,Esperienza negativa al desk,"Personale poco cordiale, nessun sorriso e poca attenzione alle richieste. Check-in veloce ma la stanza aveva qualche problema.",Reception,neg
112,Camera sporca,Ho trovato polvere sui mobili e capelli nel bagno.,Housekeeping,neg
113,Check-in lunghissimo,Hanno sbagliato a registrare il pagamento e ho dovuto discutere per sistemare. Colazione buona ma il bagno non era perfetto.,Reception,neg
114,Reception cordiale,"Ottima gestione del check-out, conto chiaro e nessun intoppo.",Reception,pos
115,Reception cordiale,"Check-in rapido e senza problemi, ci hanno dato anche ottimi consigli sulla città.",Reception,pos
116,Esperienza pessima al buffet,"Buffet quasi vuoto e piatti non riforniti, molto deludente.",F&B,neg
117,Cibo freddo,Il ristorante era caro e la qualità dei piatti non all'altezza.,F&B,neg
118,Deluso dalla pulizia,"La camera non è stata rifatta un giorno su due, davvero inaccettabile.",Housekeeping,neg
119,Cibo freddo,"Poca scelta a colazione, molti prodotti confezionati.",F&B,neg
120,Reception cordiale,"Check-in rapido e senza problemi, ci hanno dato anche ottimi consigli sulla città.",Reception,pos
121,Problemi con il pagamento,Hanno sbagliato a registrare il pagamento e ho dovuto discutere per sistemare.,Reception,neg
122,Colazione fantastica,"Ristorante dell'hotel davvero buono, piatti curati e servizio puntuale.",F&B,pos
123,Reception cordiale,"Reception aperta 24 ore su 24, sempre pronti ad aiutare.",Reception,pos
124,Stanza impeccabile,"Servizio di pulizia rapido e accurato, letto rifatto alla perfezione.",Housekeeping,pos
125,Stanza trascurata,"Pulizia molto approssimativa, pavimento appiccicoso e cestino non svuotato.",Housekeeping,neg
126,Problemi con il pagamento,Hanno sbagliato a registrare il pagamento e ho dovuto discutere per sistemare.,Reception,neg
127,Problemi con il pagamento,"Personale poco cordiale, nessun sorriso e poca attenzione alle richieste. Check-in veloce ma la stanza aveva qualche problema.",Reception,neg
128,Staff gentilissimo,"Check-in rapido e senza problemi, ci hanno dato anche ottimi consigli sulla città.",Reception,pos
129,Problemi con il pagamento,Ho dovuto aspettare più di mezz'ora per il check-in.,Reception,neg
130,Check-in veloce,"Check-in rapido e senza problemi, ci hanno dato anche ottimi consigli sulla città.",Reception,pos
131,Ottimo buffet,Colazione abbondante con molta scelta di dolce e salato.,F&B,pos
132,Ristorante deludente,"Buffet quasi vuoto e piatti non riforniti, molto deludente. Camera pulita ma colazione deludente, non so se tornerei.",F&B,neg
133,Esperienza pessima al buffet,"Buffet quasi vuoto e piatti non riforniti, molto deludente.",F&B,neg
134,Stanza impeccabile,"Pulizia della stanza davvero ottima, non ho trovato un granello di polvere. Camera pulita ma colazione deludente, non so se tornerei.",Housekeeping,pos
135,Check-in lunghissimo,Ho dovuto aspettare più di mezz'ora per il check-in.,Reception,neg
136,Colazione scarsa,Il ristorante era caro e la qualità dei piatti non all'altezza. Colazione buona ma il bagno non era perfetto.,F&B,neg
137,Cibo delizioso,"Camerieri gentili e servizio veloce, cibo di ottima qualità.",F&B,pos
138,Problemi con il pagamento,Ho dovuto aspettare più di mezz'ora per il check-in.,Reception,neg
139,Ristorante eccellente,"Ristorante dell'hotel davvero buono, piatti curati e servizio puntuale.",F&B,pos
140,Ottimo servizio di pulizia,"Servizio di pulizia rapido e accurato, letto rifatto alla perfezione.",Housekeeping,pos
141,Pulizia eccellente,"Pulizia della stanza davvero ottima, non ho trovato un granello di polvere.",Housekeeping,pos
142,Check-in lunghissimo,"Personale poco cordiale, nessun sorriso e poca attenzione alle richieste.",Reception,neg
143,Check-in lunghissimo,"Personale poco cordiale, nessun sorriso e poca attenzione alle richieste.",Reception,neg
144,Cibo delizioso,Colazione abbondante con molta scelta di dolce e salato.,F&B,pos
145,Ottimo buffet,"Ristorante dell'hotel davvero buono, piatti curati e servizio puntuale. Check-in veloce ma la stanza aveva qualche problema.",F&B,pos
146,Esperienza negativa al desk,Ho dovuto aspettare più di mezz'ora per il check-in.,Reception,neg
147,Problemi con il pagamento,"Informazioni confuse su tasse di soggiorno e orari, poca professionalità.",Reception,neg
148,Cibo delizioso,"Buffet serale molto vario, qualità del cibo sopra la media.",F&B,pos
149,Ottimo servizio di pulizia,"La camera era sempre pulita e profumata, asciugamani cambiati ogni giorno.",Housekeeping,pos
150,Colazione scarsa,Il ristorante era caro e la qualità dei piatti non all'altezza.,F&B,neg
151,Cibo freddo,Il ristorante era caro e la qualità dei piatti non all'altezza.,F&B,neg
152,Check-in lunghissimo,"Informazioni confuse su tasse di soggiorno e orari, poca professionalità.",Reception,neg
153,Check-in lunghissimo,"Personale poco cordiale, nessun sorriso e poca attenzione alle richieste.",Reception,neg
154,Cibo freddo,"Buffet quasi vuoto e piatti non riforniti, molto deludente.",F&B,neg
155,Cibo delizioso,Colazione abbondante con molta scelta di dolce e salato.,F&B,pos
156,Reception cordiale,Personale della reception molto disponibile e sorridente.,Reception,pos
157,Esperienza pessima al buffet,"Poca scelta a colazione, molti prodotti confezionati.",F&B,neg
158,Esperienza negativa al desk,Ho dovuto aspettare più di mezz'ora per il check-in.,Reception,neg
159,Ottimo buffet,"Camerieri gentili e servizio veloce, cibo di ottima qualità.",F&B,pos
160,Accoglienza perfetta,"Check-in rapido e senza problemi, ci hanno dato anche ottimi consigli sulla città.",Reception,pos
161,Reception cordiale,Personale della reception molto disponibile e sorridente.,Reception,pos
162,Camera sporca,"La camera non è stata rifatta un giorno su due, davvero inaccettabile.",Housekeeping,neg
163,Cibo freddo,"Buffet quasi vuoto e piatti non riforniti, molto deludente.",F&B,neg
164,Reception cordiale,"Check-in rapido e senza problemi, ci hanno dato anche ottimi consigli sulla città.",Reception,pos
165,Colazione fantastica,"Buffet serale molto vario, qualità del cibo sopra la media.",F&B,pos
166,Problemi con il pagamento,Ho dovuto aspettare più di mezz'ora per il check-in.,Reception,neg
167,Reception poco disponibile,"Informazioni confuse su tasse di soggiorno e orari, poca professionalità.",Reception,neg
168,Esperienza negativa al desk,"Informazioni confuse su tasse di soggiorno e orari, poca professionalità.",Reception,neg
169,Pulizia eccellente,"Servizio di pulizia rapido e accurato, letto rifatto alla perfezione.",Housekeeping,pos
170,Check-in veloce,"Reception aperta 24 ore su 24, sempre pronti ad aiutare.",Reception,pos
171,Reception poco disponibile,"Informazioni confuse su tasse di soggiorno e orari, poca professionalità.",Reception,neg
172,Camera sporca,"Pulizia molto approssimativa, pavimento appiccicoso e cestino non svuotato. Colazione buona ma il bagno non era perfetto.",Housekeeping,neg
173,Pulizia eccellente,"Servizio di pulizia rapido e accurato, letto rifatto alla perfezione. Personale gentile alla reception, però il ristorante non mi ha convinto.",Housekeeping,pos
174,Check-in lunghissimo,Hanno sbagliato a registrare il pagamento e ho dovuto discutere per sistemare.,Reception,neg
175,Cibo freddo,"Buffet quasi vuoto e piatti non riforniti, molto deludente.",F&B,neg
176,Ottimo servizio di pulizia,"Bagno brillante e senza tracce di sporco, complimenti alle cameriere ai piani.",Housekeeping,pos
177,Cibo delizioso,Colazione abbondante con molta scelta di dolce e salato.,F&B,pos
178,Cibo delizioso,"Ristorante dell'hotel davvero buono, piatti curati e servizio puntuale.",F&B,pos
179,Stanza impeccabile,"La camera era sempre pulita e profumata, asciugamani cambiati ogni giorno.",Housekeeping,pos
180,Reception poco disponibile,"Personale poco cordiale, nessun sorriso e poca attenzione alle richieste.",Reception,neg
181,Ristorante eccellente,"Ristorante dell'hotel davvero buono, piatti curati e servizio puntuale. Colazione buona ma il bagno non era perfetto.",F&B,pos
182,Cibo delizioso,"Ristorante dell'hotel davvero buono, piatti curati e servizio puntuale.",F&B,pos
183,Esperienza pessima al buffet,Cibo servito tiepido e poco saporito.,F&B,neg
184,Reception poco disponibile,Ho dovuto aspettare più di mezz'ora per il check-in.,Reception,neg
185,Esperienza negativa al desk,Hanno sbagliato a registrare il pagamento e ho dovuto discutere per sistemare.,Reception,neg
186,Reception cordiale,"Reception aperta 24 ore su 24, sempre pronti ad aiutare. Colazione buona ma il bagno non era perfetto.",Reception,pos
187,Cibo freddo,Cibo servito tiepido e poco saporito. Colazione buona ma il bagno non era perfetto.,F&B,neg
188,Accoglienza perfetta,"Reception aperta 24 ore su 24, sempre pronti ad aiutare.",Reception,pos
189,Check-in veloce,"Check-in rapido e senza problemi, ci hanno dato anche ottimi consigli sulla città.",Reception,pos
190,Ristorante deludente,"Poca scelta a colazione, molti prodotti confezionati.",F&B,neg
191,Ottimo buffet,"Camerieri gentili e servizio veloce, cibo di ottima qualità. Personale gentile alla reception, però il ristorante non mi ha convinto.",F&B,pos
192,Colazione fantastica,"Buffet serale molto vario, qualità del cibo sopra la media.",F&B,pos
193,Staff gentilissimo,"Check-in rapido e senza problemi, ci hanno dato anche ottimi consigli sulla città.",Reception,pos
194,Reception poco disponibile,Hanno sbagliato a registrare il pagamento e ho dovuto discutere per sistemare.,Reception,neg
195,Problemi con il pagamento,Ho dovuto aspettare più di mezz'ora per il check-in.,Reception,neg
196,Ottimo servizio di pulizia,"Pulizia della stanza davvero ottima, non ho trovato un granello di polvere.",Housekeeping,pos
197,Colazione scarsa,"Buffet quasi vuoto e piatti non riforniti, molto deludente. Camera pulita ma colazione deludente, non so se tornerei.",F&B,neg
198,Problemi con il pagamento,"Informazioni confuse su tasse di soggiorno e orari, poca professionalità.",Reception,neg
199,Staff gentilissimo,"Reception aperta 24 ore su 24, sempre pronti ad aiutare. Personale gentile alla reception, però il ristorante non mi ha convinto.",Reception,pos
200,Colazione fantastica,"Camerieri gentili e servizio veloce, cibo di ottima qualità.",F&B,pos
201,Check-in lunghissimo,"Personale poco cordiale, nessun sorriso e poca attenzione alle richieste. Camera pulita ma colazione deludente, non so se tornerei.",Reception,neg
202,Check-in lunghissimo,Ho dovuto aspettare più di mezz'ora per il check-in.,Reception,neg
203,Cibo delizioso,"Camerieri gentili e servizio veloce, cibo di ottima qualità.",F&B,pos
204,Ristorante deludente,"Buffet quasi vuoto e piatti non riforniti, molto deludente.",F&B,neg
205,Problemi con il pagamento,Ho dovuto aspettare più di mezz'ora per il check-in.,Reception,neg
206,Deluso dalla pulizia,"La camera non è stata rifatta un giorno su due, davvero inaccettabile.",Housekeeping,neg
207,Stanza trascurata,Ho trovato polvere sui mobili e capelli nel bagno.,Housekeeping,neg
208,Pulizia eccellente,"La camera era sempre pulita e profumata, asciugamani cambiati ogni giorno.",Housekeeping,pos
209,Colazione fantastica,"Buffet serale molto vario, qualità del cibo sopra la media.",F&B,pos
210,Camera pulitissima,"Servizio di pulizia rapido e accurato, letto rifatto alla perfezione.",Housekeeping,pos
211,Pulizia insufficiente,Ho trovato polvere sui mobili e capelli nel bagno.,Housekeeping,neg
212,Stanza impeccabile,"Servizio di pulizia rapido e accurato, letto rifatto alla perfezione. Camera pulita ma colazione deludente, non so se tornerei.",Housekeeping,pos
213,Stanza impeccabile,"Servizio di pulizia rapido e accurato, letto rifatto alla perfezione.",Housekeeping,pos
214,Stanza impeccabile,"La camera era sempre pulita e profumata, asciugamani cambiati ogni giorno. Colazione buona ma il bagno non era perfetto.",Housekeeping,pos
215,Colazione fantastica,"Camerieri gentili e servizio veloce, cibo di ottima qualità.",F&B,pos
216,Reception cordiale,"Check-in rapido e senza problemi, ci hanno dato anche ottimi consigli sulla città.",Reception,pos
217,Deluso dalla pulizia,Ho trovato polvere sui mobili e capelli nel bagno. Colazione buona ma il bagno non era perfetto.,Housekeeping,neg
218,Check-in lunghissimo,"Informazioni confuse su tasse di soggiorno e orari, poca professionalità.",Reception,neg
219,Accoglienza perfetta,"Ottima gestione del check-out, conto chiaro e nessun intoppo.",Reception,pos
220,Stanza impeccabile,"Bagno brillante e senza tracce di sporco, complimenti alle cameriere ai piani.",Housekeeping,pos
221,Esperienza pessima al buffet,"Buffet quasi vuoto e piatti non riforniti, molto deludente. Camera pulita ma colazione deludente, non so se tornerei.",F&B,neg
222,Cibo delizioso,"Camerieri gentili e servizio veloce, cibo di ottima qualità.",F&B,pos
223,Esperienza negativa al desk,"Informazioni confuse su tasse di soggiorno e orari, poca professionalità.",Reception,neg
224,Deluso dalla pulizia,Macchie sulle lenzuola e asciugamani non cambiati.,Housekeeping,neg
225,Reception cordiale,"Personale della reception molto disponibile e sorridente. Camera pulita ma colazione deludente, non so se tornerei.",Reception,pos
226,Camera sporca,Macchie sulle lenzuola e asciugamani non cambiati.,Housekeeping,neg
227,Ottimo buffet,Colazione abbondante con molta scelta di dolce e salato.,F&B,pos
228,Colazione scarsa,Cibo servito tiepido e poco saporito.,F&B,neg
229,Staff gentilissimo,"Check-in rapido e senza problemi, ci hanno dato anche ottimi consigli sulla città.",Reception,pos
230,Stanza impeccabile,"Bagno brillante e senza tracce di sporco, complimenti alle cameriere ai piani. Personale gentile alla reception, però il ristorante non mi ha convinto.",Housekeeping,pos
231,Cibo delizioso,Colazione abbondante con molta scelta di dolce e salato.,F&B,pos
232,Colazione scarsa,Il ristorante era caro e la qualità dei piatti non all'altezza.,F&B,neg
233,Problemi con il pagamento,Ho dovuto aspettare più di mezz'ora per il check-in.,Reception,neg
234,Camera sporca,"La camera non è stata rifatta un giorno su due, davvero inaccettabile.",Housekeeping,neg
235,Ottimo servizio di pulizia,"Pulizia della stanza davvero ottima, non ho trovato un granello di polvere.",Housekeeping,pos
236,Check-in veloce,"Ottima gestione del check-out, conto chiaro e nessun intoppo.",Reception,pos
237,Colazione fantastica,"Ristorante dell'hotel davvero buono, piatti curati e servizio puntuale.",F&B,pos
238,Colazione fantastica,"Buffet serale molto vario, qualità del cibo sopra la media.",F&B,pos
239,Esperienza negativa al desk,"Informazioni confuse su tasse di soggiorno e orari, poca professionalità.",Reception,neg
240,Ottimo buffet,"Camerieri gentili e servizio veloce, cibo di ottima qualità. Colazione buona ma il bagno non era perfetto.",F&B,pos
241,Colazione scarsa,Il ristorante era caro e la qualità dei piatti non all'altezza.,F&B,neg
242,Colazione fantastica,"Ristorante dell'hotel davvero buono, piatti curati e servizio puntuale.",F&B,pos
243,Stanza impeccabile,"Bagno brillante e senza tracce di sporco, complimenti alle cameriere ai piani.",Housekeeping,pos
244,Deluso dalla pulizia,"La camera non è stata rifatta un giorno su due, davvero inaccettabile. Check-in veloce ma la stanza aveva qualche problema.",Housekeeping,neg
245,Colazione scarsa,"Buffet quasi vuoto e piatti non riforniti, molto deludente.",F&B,neg
246,Camera sporca,"Pulizia molto approssimativa, pavimento appiccicoso e cestino non svuotato.",Housekeeping,neg
247,Esperienza negativa al desk,"Informazioni confuse su tasse di soggiorno e orari, poca professionalità.",Reception,neg
248,Check-in veloce,"Check-in rapido e senza problemi, ci hanno dato anche ottimi consigli sulla città.",Reception,pos
249,Cibo freddo,"Poca scelta a colazione, molti prodotti confezionati.",F&B,neg
250,Pulizia eccellente,"Pulizia della stanza davvero ottima, non ho trovato un granello di polvere.",Housekeeping,pos
251,Problemi con il pagamento,"Personale poco cordiale, nessun sorriso e poca attenzione alle richieste.",Reception,neg
252,Camera pulitissima,"Servizio di pulizia rapido e accurato, letto rifatto alla perfezione.",Housekeeping,pos
253,Reception poco disponibile,"Personale poco cordiale, nessun sorriso e poca attenzione alle richieste. Personale gentile alla reception, però il ristorante non mi ha convinto.",Reception,neg
254,Ottimo servizio di pulizia,"La camera era sempre pulita e profumata, asciugamani cambiati ogni giorno.",Housekeeping,pos
255,Esperienza pessima al buffet,"Buffet quasi vuoto e piatti non riforniti, molto deludente.",F&B,neg
256,Cibo freddo,Il ristorante era caro e la qualità dei piatti non all'altezza.,F&B,neg
257,Problemi con il pagamento,Hanno sbagliato a registrare il pagamento e ho dovuto discutere per sistemare.,Reception,neg
258,Check-in veloce,"Reception aperta 24 ore su 24, sempre pronti ad aiutare.",Reception,pos
259,Stanza trascurata,Ho trovato polvere sui mobili e capelli nel bagno.,Housekeeping,neg
260,Deluso dalla pulizia,Ho trovato polvere sui mobili e capelli nel bagno.,Housekeeping,neg
261,Ottimo buffet,"Camerieri gentili e servizio veloce, cibo di ottima qualità.",F&B,pos
262,Camera sporca,Macchie sulle lenzuola e asciugamani non cambiati.,Housekeeping,neg
263,Camera pulitissima,"Servizio di pulizia rapido e accurato, letto rifatto alla perfezione.",Housekeeping,pos
264,Check-in veloce,"Ottima gestione del check-out, conto chiaro e nessun intoppo.",Reception,pos
265,Problemi con il pagamento,Ho dovuto aspettare più di mezz'ora per il check-in.,Reception,neg
266,Colazione scarsa,Cibo servito tiepido e poco saporito. Colazione buona ma il bagno non era perfetto.,F&B,neg
267,Reception poco disponibile,Hanno sbagliato a registrare il pagamento e ho dovuto discutere per sistemare. Check-in veloce ma la stanza aveva qualche problema.,Reception,neg
268,Esperienza negativa al desk,"Personale poco cordiale, nessun sorriso e poca attenzione alle richieste.",Reception,neg
269,Deluso dalla pulizia,Macchie sulle lenzuola e asciugamani non cambiati.,Housekeeping,neg
270,Cibo delizioso,"Buffet serale molto vario, qualità del cibo sopra la media. Personale gentile alla reception, però il ristorante non mi ha convinto.",F&B,pos
271,Stanza impeccabile,"Pulizia della stanza davvero ottima, non ho trovato un granello di polvere.",Housekeeping,pos
272,Camera pulitissima,"Bagno brillante e senza tracce di sporco, complimenti alle cameriere ai piani.",Housekeeping,pos
273,Stanza impeccabile,"Servizio di pulizia rapido e accurato, letto rifatto alla perfezione.",Housekeeping,pos
274,Ottimo servizio di pulizia,"Servizio di pulizia rapido e accurato, letto rifatto alla perfezione.",Housekeeping,pos
275,Stanza trascurata,"La camera non è stata rifatta un giorno su due, davvero inaccettabile.",Housekeeping,neg
276,Esperienza pessima al buffet,Il ristorante era caro e la qualità dei piatti non all'altezza.,F&B,neg
277,Reception poco disponibile,Hanno sbagliato a registrare il pagamento e ho dovuto discutere per sistemare.,Reception,neg
278,Esperienza pessima al buffet,Cibo servito tiepido e poco saporito.,F&B,neg
279,Ristorante deludente,Il ristorante era caro e la qualità dei piatti non all'altezza.,F&B,neg
280,Camera sporca,"Pulizia molto approssimativa, pavimento appiccicoso e cestino non svuotato.",Housekeeping,neg
281,Colazione fantastica,"Buffet serale molto vario, qualità del cibo sopra la media. Check-in veloce ma la stanza aveva qualche problema.",F&B,pos
282,Reception poco disponibile,"Informazioni confuse su tasse di soggiorno e orari, poca professionalità. Check-in veloce ma la stanza aveva qualche problema.",Reception,neg
283,Check-in lunghissimo,"Informazioni confuse su tasse di soggiorno e orari, poca professionalità. Personale gentile alla reception, però il ristorante non mi ha convinto.",Reception,neg
284,Camera sporca,Macchie sulle lenzuola e asciugamani non cambiati.,Housekeeping,neg
285,Check-in veloce,"Check-in rapido e senza problemi, ci hanno dato anche ottimi consigli sulla città. Personale gentile alla reception, però il ristorante non mi ha convinto.",Reception,pos
286,Reception cordiale,"Reception aperta 24 ore su 24, sempre pronti ad aiutare.",Reception,pos
287,Stanza impeccabile,"Servizio di pulizia rapido e accurato, letto rifatto alla perfezione.",Housekeeping,pos
288,Colazione scarsa,Cibo servito tiepido e poco saporito.,F&B,neg
289,Ottimo servizio di pulizia,"Pulizia della stanza davvero ottima, non ho trovato un granello di polvere.",Housekeeping,pos
290,Colazione scarsa,"Poca scelta a colazione, molti prodotti confezionati.",F&B,neg
291,Staff gentilissimo,"Check-in rapido e senza problemi, ci hanno dato anche ottimi consigli sulla città.",Reception,pos
292,Pulizia insufficiente,"Pulizia molto approssimativa, pavimento appiccicoso e cestino non svuotato.",Housekeeping,neg
293,Ottimo buffet,Colazione abbondante con molta scelta di dolce e salato.,F&B,pos
294,Cibo delizioso,"Camerieri gentili e servizio veloce, cibo di ottima qualità. Colazione buona ma il bagno non era perfetto.",F&B,pos
295,Check-in lunghissimo,Hanno sbagliato a registrare il pagamento e ho dovuto discutere per sistemare.,Reception,neg
296,Accoglienza perfetta,"Ottima gestione del check-out, conto chiaro e nessun intoppo. Personale gentile alla reception, però il ristorante non mi ha convinto.",Reception,pos
297,Ristorante deludente,"Buffet quasi vuoto e piatti non riforniti, molto deludente.",F&B,neg
298,Staff gentilissimo,Personale della reception molto disponibile e sorridente.,Reception,pos
299,Check-in veloce,"Check-in rapido e senza problemi, ci hanno dato anche ottimi consigli sulla città. Check-in veloce ma la stanza aveva qualche problema.",Reception,pos
300,Stanza trascurata,"Pulizia molto approssimativa, pavimento appiccicoso e cestino non svuotato.",Housekeeping,neg
301,Cibo freddo,"Poca scelta a colazione, molti prodotti confezionati.",F&B,neg
302,Stanza trascurata,Ho trovato polvere sui mobili e capelli nel bagno.,Housekeeping,neg
303,Check-in lunghissimo,Hanno sbagliato a registrare il pagamento e ho dovuto discutere per sistemare.,Reception,neg
304,Esperienza negativa al desk,Hanno sbagliato a registrare il pagamento e ho dovuto discutere per sistemare.,Reception,neg
305,Problemi con il pagamento,Hanno sbagliato a registrare il pagamento e ho dovuto discutere per sistemare.,Reception,neg
306,Colazione scarsa,"Buffet quasi vuoto e piatti non riforniti, molto deludente.",F&B,neg
307,Stanza trascurata,"Ho trovato polvere sui mobili e capelli nel bagno. Personale gentile alla reception, però il ristorante non mi ha convinto.",Housekeeping,neg
308,Esperienza negativa al desk,"Personale poco cordiale, nessun sorriso e poca attenzione alle richieste.",Reception,neg
309,Check-in lunghissimo,Hanno sbagliato a registrare il pagamento e ho dovuto discutere per sistemare.,Reception,neg
310,Check-in lunghissimo,Ho dovuto aspettare più di mezz'ora per il check-in.,Reception,neg
311,Reception poco disponibile,Ho dovuto aspettare più di mezz'ora per il check-in. Colazione buona ma il bagno non era perfetto.,Reception,neg
312,Camera pulitissima,"Servizio di pulizia rapido e accurato, letto rifatto alla perfezione.",Housekeeping,pos
313,Esperienza negativa al desk,Ho dovuto aspettare più di mezz'ora per il check-in.,Reception,neg
314,Cibo freddo,Cibo servito tiepido e poco saporito.,F&B,neg
315,Stanza impeccabile,"Pulizia della stanza davvero ottima, non ho trovato un granello di polvere.",Housekeeping,pos
316,Accoglienza perfetta,Personale della reception molto disponibile e sorridente.,Reception,pos
317,Check-in lunghissimo,Hanno sbagliato a registrare il pagamento e ho dovuto discutere per sistemare.,Reception,neg
318,Ristorante deludente,Cibo servito tiepido e poco saporito.,F&B,neg
319,Accoglienza perfetta,"Check-in rapido e senza problemi, ci hanno dato anche ottimi consigli sulla città.",Reception,pos
320,Reception cordiale,Personale della reception molto disponibile e sorridente.,Reception,pos
321,Check-in lunghissimo,Hanno sbagliato a registrare il pagamento e ho dovuto discutere per sistemare.,Reception,neg
322,Stanza impeccabile,"Servizio di pulizia rapido e accurato, letto rifatto alla perfezione. Check-in veloce ma la stanza aveva qualche problema.",Housekeeping,pos
323,Pulizia eccellente,"La camera era sempre pulita e profumata, asciugamani cambiati ogni giorno.",Housekeeping,pos
324,Esperienza pessima al buffet,Il ristorante era caro e la qualità dei piatti non all'altezza.,F&B,neg
325,Stanza impeccabile,"Pulizia della stanza davvero ottima, non ho trovato un granello di polvere.",Housekeeping,pos
326,Esperienza pessima al buffet,"Buffet quasi vuoto e piatti non riforniti, molto deludente.",F&B,neg
327,Stanza impeccabile,"La camera era sempre pulita e profumata, asciugamani cambiati ogni giorno.",Housekeeping,pos
328,Ristorante deludente,Il ristorante era caro e la qualità dei piatti non all'altezza.,F&B,neg
329,Camera sporca,Ho trovato polvere sui mobili e capelli nel bagno.,Housekeeping,neg
330,Staff gentilissimo,"Ottima gestione del check-out, conto chiaro e nessun intoppo.",Reception,pos
331,Stanza trascurata,Ho trovato polvere sui mobili e capelli nel bagno.,Housekeeping,neg
332,Ristorante deludente,Cibo servito tiepido e poco saporito.,F&B,neg
333,Ottimo servizio di pulizia,"Servizio di pulizia rapido e accurato, letto rifatto alla perfezione.",Housekeeping,pos
334,Colazione scarsa,"Poca scelta a colazione, molti prodotti confezionati. Personale gentile alla reception, però il ristorante non mi ha convinto.",F&B,neg
335,Cibo delizioso,Colazione abbondante con molta scelta di dolce e salato.,F&B,pos
336,Cibo freddo,"Buffet quasi vuoto e piatti non riforniti, molto deludente.",F&B,neg
337,Cibo freddo,"Buffet quasi vuoto e piatti non riforniti, molto deludente. Camera pulita ma colazione deludente, non so se tornerei.",F&B,neg
338,Deluso dalla pulizia,"Pulizia molto approssimativa, pavimento appiccicoso e cestino non svuotato.",Housekeeping,neg
339,Check-in veloce,"Ottima gestione del check-out, conto chiaro e nessun intoppo.",Reception,pos
340,Reception poco disponibile,Hanno sbagliato a registrare il pagamento e ho dovuto discutere per sistemare.,Reception,neg
341,Pulizia insufficiente,"Pulizia molto approssimativa, pavimento appiccicoso e cestino non svuotato. Colazione buona ma il bagno non era perfetto.",Housekeeping,neg
342,Camera pulitissima,"La camera era sempre pulita e profumata, asciugamani cambiati ogni giorno.",Housekeeping,pos
343,Reception poco disponibile,"Personale poco cordiale, nessun sorriso e poca attenzione alle richieste.",Reception,neg
344,Ristorante deludente,Il ristorante era caro e la qualità dei piatti non all'altezza.,F&B,neg
345,Esperienza pessima al buffet,Cibo servito tiepido e poco saporito.,F&B,neg
346,Deluso dalla pulizia,"La camera non è stata rifatta un giorno su due, davvero inaccettabile.",Housekeeping,neg
347,Accoglienza perfetta,"Ottima gestione del check-out, conto chiaro e nessun intoppo.",Reception,pos
348,Cibo freddo,"Poca scelta a colazione, molti prodotti confezionati.",F&B,neg
349,Check-in veloce,"Ottima gestione del check-out, conto chiaro e nessun intoppo.",Reception,pos
350,Reception cordiale,Personale della reception molto disponibile e sorridente.,Reception,pos
351,Stanza trascurata,Ho trovato polvere sui mobili e capelli nel bagno.,Housekeeping,neg
352,Check-in lunghissimo,"Personale poco cordiale, nessun sorriso e poca attenzione alle richieste.",Reception,neg
353,Problemi con il pagamento,Hanno sbagliato a registrare il pagamento e ho dovuto discutere per sistemare.,Reception,neg
354,Camera sporca,"Ho trovato polvere sui mobili e capelli nel bagno. Personale gentile alla reception, però il ristorante non mi ha convinto.",Housekeeping,neg
355,Reception poco disponibile,"Personale poco cordiale, nessun sorriso e poca attenzione alle richieste.",Reception,neg
356,Ristorante deludente,"Buffet quasi vuoto e piatti non riforniti, molto deludente.",F&B,neg
357,Cibo freddo,"Buffet quasi vuoto e piatti non riforniti, molto deludente.",F&B,neg
358,Check-in lunghissimo,Hanno sbagliato a registrare il pagamento e ho dovuto discutere per sistemare.,Reception,neg
359,Stanza trascurata,Ho trovato polvere sui mobili e capelli nel bagno.,Housekeeping,neg
360,Accoglienza perfetta,"Reception aperta 24 ore su 24, sempre pronti ad aiutare.",Reception,pos
361,Ristorante deludente,"Il ristorante era caro e la qualità dei piatti non all'altezza. Camera pulita ma colazione deludente, non so se tornerei.",F&B,neg
362,Pulizia eccellente,"Bagno brillante e senza tracce di sporco, complimenti alle cameriere ai piani.",Housekeeping,pos
363,Reception cordiale,"Reception aperta 24 ore su 24, sempre pronti ad aiutare.",Reception,pos
364,Ristorante eccellente,"Ristorante dell'hotel davvero buono, piatti curati e servizio puntuale.",F&B,pos
365,Esperienza pessima al buffet,Cibo servito tiepido e poco saporito.,F&B,neg
366,Problemi con il pagamento,Hanno sbagliato a registrare il pagamento e ho dovuto discutere per sistemare.,Reception,neg
367,Stanza impeccabile,"Bagno brillante e senza tracce di sporco, complimenti alle cameriere ai piani.",Housekeeping,pos
368,Reception poco disponibile,"Informazioni confuse su tasse di soggiorno e orari, poca professionalità.",Reception,neg
369,Problemi con il pagamento,Ho dovuto aspettare più di mezz'ora per il check-in.,Reception,neg
370,Esperienza pessima al buffet,Cibo servito tiepido e poco saporito.,F&B,neg
371,Camera sporca,Macchie sulle lenzuola e asciugamani non cambiati.,Housekeeping,neg
372,Deluso dalla pulizia,Macchie sulle lenzuola e asciugamani non cambiati.,Housekeeping,neg
373,Stanza impeccabile,"Bagno brillante e senza tracce di sporco, complimenti alle cameriere ai piani. Check-in veloce ma la stanza aveva qualche problema.",Housekeeping,pos
374,Ottimo servizio di pulizia,"Servizio di pulizia rapido e accurato, letto rifatto alla perfezione. Colazione buona ma il bagno non era perfetto.",Housekeeping,pos
375,Check-in lunghissimo,"Personale poco cordiale, nessun sorriso e poca attenzione alle richieste. Check-in veloce ma la stanza aveva qualche problema.",Reception,neg
376,Esperienza negativa al desk,"Personale poco cordiale, nessun sorriso e poca attenzione alle richieste.",Reception,neg
377,Problemi con il pagamento,Ho dovuto aspettare più di mezz'ora per il check-in.,Reception,neg
378,Camera pulitissima,"Servizio di pulizia rapido e accurato, letto rifatto alla perfezione.",Housekeeping,pos
379,Pulizia eccellente,"Pulizia della stanza davvero ottima, non ho trovato un granello di polvere.",Housekeeping,pos
380,Colazione scarsa,"Poca scelta a colazione, molti prodotti confezionati.",F&B,neg
381,Ottimo buffet,"Buffet serale molto vario, qualità del cibo sopra la media.",F&B,pos
382,Ristorante deludente,"Buffet quasi vuoto e piatti non riforniti, molto deludente.",F&B,neg
383,Pulizia insufficiente,"Pulizia molto approssimativa, pavimento appiccicoso e cestino non svuotato.",Housekeeping,neg
384,Colazione fantastica,"Buffet serale molto vario, qualità del cibo sopra la media.",F&B,pos
385,Ristorante eccellente,"Camerieri gentili e servizio veloce, cibo di ottima qualità.",F&B,pos
386,Colazione scarsa,"Buffet quasi vuoto e piatti non riforniti, molto deludente.",F&B,neg
387,Pulizia eccellente,"Bagno brillante e senza tracce di sporco, complimenti alle cameriere ai piani.",Housekeeping,pos
388,Deluso dalla pulizia,"La camera non è stata rifatta un giorno su due, davvero inaccettabile.",Housekeeping,neg
389,Problemi con il pagamento,Ho dovuto aspettare più di mezz'ora per il check-in.,Reception,neg
390,Accoglienza perfetta,Personale della reception molto disponibile e sorridente.,Reception,pos
391,Stanza trascurata,Ho trovato polvere sui mobili e capelli nel bagno.,Housekeeping,neg
392,Reception poco disponibile,"Personale poco cordiale, nessun sorriso e poca attenzione alle richieste.",Reception,neg
393,Reception cordiale,"Ottima gestione del check-out, conto chiaro e nessun intoppo.",Reception,pos
394,Ristorante deludente,Il ristorante era caro e la qualità dei piatti non all'altezza.,F&B,neg
395,Cibo delizioso,"Buffet serale molto vario, qualità del cibo sopra la media. Camera pulita ma colazione deludente, non so se tornerei.",F&B,pos
396,Ottimo servizio di pulizia,"Servizio di pulizia rapido e accurato, letto rifatto alla perfezione.",Housekeeping,pos
397,Colazione scarsa,Il ristorante era caro e la qualità dei piatti non all'altezza.,F&B,neg
398,Reception cordiale,Personale della reception molto disponibile e sorridente.,Reception,pos
399,Esperienza pessima al buffet,"Poca scelta a colazione, molti prodotti confezionati.",F&B,neg
400,Colazione scarsa,"Buffet quasi vuoto e piatti non riforniti, molto deludente.",F&B,neg
401,Camera pulitissima,"La camera era sempre pulita e profumata, asciugamani cambiati ogni giorno.",Housekeeping,pos
402,Colazione fantastica,Colazione abbondante con molta scelta di dolce e salato.,F&B,pos
403,Check-in veloce,"Reception aperta 24 ore su 24, sempre pronti ad aiutare.",Reception,pos
404,Stanza trascurata,"Pulizia molto approssimativa, pavimento appiccicoso e cestino non svuotato.",Housekeeping,neg
405,Check-in lunghissimo,"Personale poco cordiale, nessun sorriso e poca attenzione alle richieste.",Reception,neg
406,Staff gentilissimo,"Reception aperta 24 ore su 24, sempre pronti ad aiutare.",Reception,pos
407,Colazione fantastica,Colazione abbondante con molta scelta di dolce e salato.,F&B,pos
408,Esperienza negativa al desk,"Personale poco cordiale, nessun sorriso e poca attenzione alle richieste.",Reception,neg
409,Check-in veloce,"Check-in rapido e senza problemi, ci hanno dato anche ottimi consigli sulla città.",Reception,pos
410,Colazione fantastica,"Camerieri gentili e servizio veloce, cibo di ottima qualità.",F&B,pos
411,Ottimo servizio di pulizia,"La camera era sempre pulita e profumata, asciugamani cambiati ogni giorno. Camera pulita ma colazione deludente, non so se tornerei.",Housekeeping,pos
412,Staff gentilissimo,Personale della reception molto disponibile e sorridente.,Reception,pos
413,Camera pulitissima,"Servizio di pulizia rapido e accurato, letto rifatto alla perfezione.",Housekeeping,pos
414,Check-in veloce,"Ottima gestione del check-out, conto chiaro e nessun intoppo.",Reception,pos
415,Pulizia eccellente,"Bagno brillante e senza tracce di sporco, complimenti alle cameriere ai piani.",Housekeeping,pos
416,Cibo delizioso,"Camerieri gentili e servizio veloce, cibo di ottima qualità. Personale gentile alla reception, però il ristorante non mi ha convinto.",F&B,pos
417,Cibo freddo,"Buffet quasi vuoto e piatti non riforniti, molto deludente.",F&B,neg
418,Reception poco disponibile,"Informazioni confuse su tasse di soggiorno e orari, poca professionalità.",Reception,neg
419,Pulizia insufficiente,"Pulizia molto approssimativa, pavimento appiccicoso e cestino non svuotato.",Housekeeping,neg
420,Esperienza pessima al buffet,Il ristorante era caro e la qualità dei piatti non all'altezza.,F&B,neg
421,Check-in veloce,Personale della reception molto disponibile e sorridente.,Reception,pos
422,Staff gentilissimo,Personale della reception molto disponibile e sorridente.,Reception,pos
423,Colazione fantastica,"Ristorante dell'hotel davvero buono, piatti curati e servizio puntuale.",F&B,pos
424,Cibo delizioso,"Ristorante dell'hotel davvero buono, piatti curati e servizio puntuale.",F&B,pos
425,Check-in lunghissimo,"Personale poco cordiale, nessun sorriso e poca attenzione alle richieste.",Reception,neg
426,Cibo delizioso,"Ristorante dell'hotel davvero buono, piatti curati e servizio puntuale.",F&B,pos
427,Cibo delizioso,"Ristorante dell'hotel davvero buono, piatti curati e servizio puntuale.",F&B,pos
428,Esperienza negativa al desk,Hanno sbagliato a registrare il pagamento e ho dovuto discutere per sistemare.,Reception,neg
429,Esperienza negativa al desk,Ho dovuto aspettare più di mezz'ora per il check-in.,Reception,neg
430,Cibo freddo,Il ristorante era caro e la qualità dei piatti non all'altezza.,F&B,neg
431,Staff gentilissimo,"Check-in rapido e senza problemi, ci hanno dato anche ottimi consigli sulla città. Colazione buona ma il bagno non era perfetto.",Reception,pos
432,Staff gentilissimo,"Ottima gestione del check-out, conto chiaro e nessun intoppo.",Reception,pos
433,Cibo delizioso,"Buffet serale molto vario, qualità del cibo sopra la media.",F&B,pos
434,Esperienza negativa al desk,"Personale poco cordiale, nessun sorriso e poca attenzione alle richieste.",Reception,neg
435,Staff gentilissimo,"Reception aperta 24 ore su 24, sempre pronti ad aiutare.",Reception,pos
436,Colazione fantastica,Colazione abbondante con molta scelta di dolce e salato.,F&B,pos
437,Colazione fantastica,"Camerieri gentili e servizio veloce, cibo di ottima qualità. Check-in veloce ma la stanza aveva qualche problema.",F&B,pos
438,Camera pulitissima,"Servizio di pulizia rapido e accurato, letto rifatto alla perfezione.",Housekeeping,pos
439,Reception cordiale,"Reception aperta 24 ore su 24, sempre pronti ad aiutare. Colazione buona ma il bagno non era perfetto.",Reception,pos
440,Stanza impeccabile,"Bagno brillante e senza tracce di sporco, complimenti alle cameriere ai piani. Colazione buona ma il bagno non era perfetto.",Housekeeping,pos
441,Camera pulitissima,"Servizio di pulizia rapido e accurato, letto rifatto alla perfezione.",Housekeeping,pos
442,Cibo freddo,Cibo servito tiepido e poco saporito.,F&B,neg
443,Deluso dalla pulizia,"Pulizia molto approssimativa, pavimento appiccicoso e cestino non svuotato.",Housekeeping,neg
444,Ottimo buffet,Colazione abbondante con molta scelta di dolce e salato.,F&B,pos
445,Colazione fantastica,"Camerieri gentili e servizio veloce, cibo di ottima qualità.",F&B,pos
446,Colazione scarsa,"Poca scelta a colazione, molti prodotti confezionati.",F&B,neg
447,Deluso dalla pulizia,Macchie sulle lenzuola e asciugamani non cambiati.,Housekeeping,neg
448,Ottimo servizio di pulizia,"Servizio di pulizia rapido e accurato, letto rifatto alla perfezione.",Housekeeping,pos
449,Cibo freddo,"Poca scelta a colazione, molti prodotti confezionati.",F&B,neg
450,Colazione scarsa,Il ristorante era caro e la qualità dei piatti non all'altezza.,F&B,neg
451,Staff gentilissimo,"Check-in rapido e senza problemi, ci hanno dato anche ottimi consigli sulla città.",Reception,pos
452,Colazione scarsa,Cibo servito tiepido e poco saporito.,F&B,neg
453,Stanza trascurata,"Pulizia molto approssimativa, pavimento appiccicoso e cestino non svuotato.",Housekeeping,neg
454,Stanza impeccabile,"La camera era sempre pulita e profumata, asciugamani cambiati ogni giorno. Check-in veloce ma la stanza aveva qualche problema.",Housekeeping,pos
455,Deluso dalla pulizia,"Macchie sulle lenzuola e asciugamani non cambiati. Personale gentile alla reception, però il ristorante non mi ha convinto.",Housekeeping,neg
456,Reception poco disponibile,Hanno sbagliato a registrare il pagamento e ho dovuto discutere per sistemare.,Reception,neg
457,Reception poco disponibile,"Informazioni confuse su tasse di soggiorno e orari, poca professionalità. Personale gentile alla reception, però il ristorante non mi ha convinto.",Reception,neg
458,Camera pulitissima,"Bagno brillante e senza tracce di sporco, complimenti alle cameriere ai piani.",Housekeeping,pos
459,Cibo delizioso,"Buffet serale molto vario, qualità del cibo sopra la media.",F&B,pos
460,Stanza impeccabile,"Pulizia della stanza davvero ottima, non ho trovato un granello di polvere.",Housekeeping,pos
461,Staff gentilissimo,Personale della reception molto disponibile e sorridente.,Reception,pos
462,Check-in lunghissimo,"Ho dovuto aspettare più di mezz'ora per il check-in. Camera pulita ma colazione deludente, non so se tornerei.",Reception,neg
463,Esperienza pessima al buffet,"Poca scelta a colazione, molti prodotti confezionati.",F&B,neg
464,Staff gentilissimo,"Check-in rapido e senza problemi, ci hanno dato anche ottimi consigli sulla città.",Reception,pos
465,Stanza impeccabile,"Bagno brillante e senza tracce di sporco, complimenti alle cameriere ai piani.",Housekeeping,pos
466,Ottimo servizio di pulizia,"Pulizia della stanza davvero ottima, non ho trovato un granello di polvere.",Housekeeping,pos
467,Check-in lunghissimo,Hanno sbagliato a registrare il pagamento e ho dovuto discutere per sistemare.,Reception,neg
468,Pulizia insufficiente,"Pulizia molto approssimativa, pavimento appiccicoso e cestino non svuotato. Personale gentile alla reception, però il ristorante non mi ha convinto.",Housekeeping,neg
469,Stanza trascurata,"Pulizia molto approssimativa, pavimento appiccicoso e cestino non svuotato.",Housekeeping,neg
470,Problemi con il pagamento,"Informazioni confuse su tasse di soggiorno e orari, poca professionalità.",Reception,neg
471,Ottimo buffet,"Buffet serale molto vario, qualità del cibo sopra la media.",F&B,pos
472,Cibo delizioso,"Buffet serale molto vario, qualità del cibo sopra la media.",F&B,pos
473,Problemi con il pagamento,"Informazioni confuse su tasse di soggiorno e orari, poca professionalità.",Reception,neg
474,Deluso dalla pulizia,Macchie sulle lenzuola e asciugamani non cambiati.,Housekeeping,neg
475,Check-in lunghissimo,"Personale poco cordiale, nessun sorriso e poca attenzione alle richieste.",Reception,neg
476,Colazione fantastica,"Camerieri gentili e servizio veloce, cibo di ottima qualità.",F&B,pos
477,Stanza trascurata,Ho trovato polvere sui mobili e capelli nel bagno.,Housekeeping,neg
478,Reception poco disponibile,Hanno sbagliato a registrare il pagamento e ho dovuto discutere per sistemare.,Reception,neg
479,Cibo delizioso,"Camerieri gentili e servizio veloce, cibo di ottima qualità. Colazione buona ma il bagno non era perfetto.",F&B,pos
480,Esperienza pessima al buffet,"Poca scelta a colazione, molti prodotti confezionati.",F&B,neg
481,Accoglienza perfetta,"Check-in rapido e senza problemi, ci hanno dato anche ottimi consigli sulla città.",Reception,pos
482,Accoglienza perfetta,"Reception aperta 24 ore su 24, sempre pronti ad aiutare.",Reception,pos
483,Check-in lunghissimo,Ho dovuto aspettare più di mezz'ora per il check-in. Check-in veloce ma la stanza aveva qualche problema.,Reception,neg
484,Cibo delizioso,"Buffet serale molto vario, qualità del cibo sopra la media.",F&B,pos
485,Ottimo buffet,Colazione abbondante con molta scelta di dolce e salato.,F&B,pos
486,Check-in lunghissimo,Ho dovuto aspettare più di mezz'ora per il check-in.,Reception,neg
487,Ottimo buffet,"Buffet serale molto vario, qualità del cibo sopra la media.",F&B,pos
488,Stanza trascurata,"Pulizia molto approssimativa, pavimento appiccicoso e cestino non svuotato. Colazione buona ma il bagno non era perfetto.",Housekeeping,neg
489,Check-in veloce,Personale della reception molto disponibile e sorridente.,Reception,pos
490,Stanza impeccabile,"La camera era sempre pulita e profumata, asciugamani cambiati ogni giorno.",Housekeeping,pos
491,Ottimo servizio di pulizia,"Servizio di pulizia rapido e accurato, letto rifatto alla perfezione.",Housekeeping,pos
492,Reception poco disponibile,"Informazioni confuse su tasse di soggiorno e orari, poca professionalità.",Reception,neg
493,Deluso dalla pulizia,Ho trovato polvere sui mobili e capelli nel bagno.,Housekeeping,neg
494,Deluso dalla pulizia,"Pulizia molto approssimativa, pavimento appiccicoso e cestino non svuotato. Check-in veloce ma la stanza aveva qualche problema.",Housekeeping,neg
495,Camera sporca,Ho trovato polvere sui mobili e capelli nel bagno.,Housekeeping,neg
496,Ottimo buffet,"Buffet serale molto vario, qualità del cibo sopra la media.",F&B,pos
497,Deluso dalla pulizia,Macchie sulle lenzuola e asciugamani non cambiati.,Housekeeping,neg
498,Colazione scarsa,Cibo servito tiepido e poco saporito.,F&B,neg
499,Check-in veloce,Personale della reception molto disponibile e sorridente.,Reception,pos
500,Staff gentilissimo,"Ottima gestione del check-out, conto chiaro e nessun intoppo. Personale gentile alla reception, però il ristorante non mi ha convinto.",Reception,pos
